Team,Year,Points Scored/Game,Points Allowed/Game,Margin of Victory,Strength of Schedule,W - L %,Penalties,Penalties - Yards,Yds/Game,Y/P,TO/Game,1stD/Game,Cmp/Game,Pass Att/Game,Pass Yds/Game,Pass TD/Game,Int/Game,Rush Att/Game,Rush Yds/Game,Rush TD/Game,Rush Y/A,Sc%,TO%,Pass Rating,Sack%,FG%,XP%,3D Conv%,4D Conv%,RZ%,FG% Allowed,XP% Allowed,3D% Allowed,4D% Allowed,RZPct% Allowed,Total Yards/Game Allowed,Passing Yards/Game Allowed,Passing TD/Game Allowed,Passer Rating Allowed,Passing INT/Game Allowed,Rushing Yards/Game Allowed,Rushing TD/Game Allowed,Scoring% Allowed,Turnover%,Penalty Yards,Pass Deflections/Game,Sk%,Int%,QBHits/Game,TFL/Game
Arizona Cardinals,2025,22.4,25.6,-3.2,2.2,0.3,78,570,333.5,5.1,1.3,20.1,25.2,37.5,227.8,1.6,0.6,24.1,105.7,0.8,4.4,39.2,11.8,93.8,8.3,84.2,100,44.6,46.2,57.1,88,88,37.9,43.8,59.5,333.6,221.4,1.3,89.9,0.6,112.2,1.1,43.8,11.4,574,5.2,5.2,1.7,4.8,4.7
Atlanta Falcons,2025,19.5,23.9,-4.4,-0.1,0.3,55,425,332.5,5.4,0.9,19.7,19.8,32.8,212.6,0.9,0.3,26.9,119.9,1.2,4.5,34.3,7.4,86.1,4.1,80,95,33.9,44.4,62.1,90.9,90.5,39.3,63.2,60,326.5,188,1.7,94.9,0.8,138.5,0.8,43.7,10.7,478,4.5,10.7,2.8,5.8,5.2
Baltimore Ravens,2025,25.2,25.1,0.1,1.1,0.5,58,463,322,5.7,1.3,18.5,17.8,26.2,180,1.6,0.7,27.4,142,1.1,5.2,43,11.2,99.7,10.3,90.5,96.2,40,46.7,47.2,81.5,100,36.5,62.5,58.5,354.1,232.6,1.5,89.8,0.6,121.5,1.1,44.4,9.3,521,4.2,4,1.7,5.9,4.3
Buffalo Bills,2025,29.2,22.9,6.3,-2.6,0.7,68,563,387.4,6.2,1.2,22.4,20.7,29.9,239.8,1.8,0.7,30.1,147.6,1.9,4.9,47.2,10.4,105.1,6.3,86.7,96.9,44.9,50,66.7,88.2,87,40,66.7,57.1,322.7,169.7,1,83.5,0.7,153,1.7,39.3,12.1,422,3.2,8.7,2.6,5.7,5.6
Carolina Panthers,2025,18.8,22.6,-3.8,-1.6,0.545,60,463,314.3,5,1.36,20,20.2,31.9,187.2,1.36,0.73,28.8,127.1,0.64,4.4,35.5,12.7,86.3,7.1,85,84.2,37,66.7,54.3,85.7,96.4,43.4,64.7,52.9,326,212.8,1.18,90.3,0.64,113.1,1.18,41.5,8.5,599,3.8,4.5,2.1,3.5,3.7
Chicago Bears,2025,25.8,26.4,-0.6,-3.2,0.7,80,641,373.8,5.8,0.6,20.7,19.8,33.1,227.2,1.4,0.4,30.2,146.6,1.2,4.9,45,5.4,90.9,4.6,82.8,100,41,42.9,54.3,75,100,33.7,53.3,58.3,364.6,231.3,2.1,93.5,1.5,133.3,0.9,40,20,387,4.5,6.4,4.9,4.9,4.3
Cincinnati Bengals,2025,22.8,33.4,-10.6,-0.9,0.3,55,385,307.1,5.2,1.6,19.1,23.6,37.3,225.7,2,1.1,19.1,81.4,0.5,4.3,37.4,15,87.2,5.8,83.3,100,41.1,71.4,60.7,88.2,97.4,49.6,69.2,68.1,418.2,257.3,2.5,105.5,0.8,160.9,1.2,49.5,8.6,584,4.3,4,2.4,4,3
Cleveland Browns,2025,16.2,23.4,-7.2,-1.6,0.2,68,538,257.3,4,1.1,16.7,20.6,36,159.3,0.9,0.9,24.7,98,0.6,4,26.3,9.6,68.5,7.5,83.3,93.8,31.7,52.4,52,86.4,100,35.9,57.1,51.7,273.5,167,1.6,92.4,0.9,106.5,0.5,36,10.8,524,3.6,11,3.5,5.9,7.7
Dallas Cowboys,2025,29.6,29.3,0.3,-2,0.45,79,660,378.7,5.9,1.2,23.1,25.9,37.1,258.7,2.2,0.7,25.8,120,1,4.7,47.6,11.4,102.3,4.1,94.7,97,42.7,53.3,61.5,100,96.7,50,50,66.7,381.3,249.9,2.3,108,0.5,131.4,1.1,48.1,7.4,692,2.7,6.6,1.5,6.4,5.4
Denver Broncos,2025,23.4,17.5,5.9,-1.4,0.818,93,883,335.3,5.3,1.09,18.8,21.5,35.3,213,1.64,0.73,26.5,122.3,1,4.6,35.9,7.8,85.9,3.2,85,100,38.5,50,58.3,92.6,81.3,28.9,45.5,35.7,274.4,185.8,0.82,78.2,0.55,88.5,0.73,32.6,6.2,656,5.9,11.7,1.6,9.7,4.6
Detroit Lions,2025,29.2,21.6,7.6,-0.7,0.6,60,440,366.9,6,0.7,19.7,21.7,31.3,236.8,2.2,0.4,28.1,130.1,1.3,4.6,43.2,6.3,111.1,6,76.5,94.3,36,56.5,66.7,92.9,95.5,34.4,52.9,63.6,291.8,192.1,1.8,90.5,0.8,99.7,0.8,34.2,10.5,404,5.2,9,2.6,5.9,4.2
Green Bay Packers,2025,24,19.6,4.4,-2.6,0.65,71,536,344,5.7,0.7,20.4,21.2,31.2,230.5,1.6,0.3,27.8,113.5,1.2,4.1,43.9,7.1,104.2,4.9,71.4,88.5,49.2,64.3,67.5,80,88.9,37.3,60.9,60.7,292.1,195.3,1.3,89.6,0.4,96.8,0.8,38.9,8.4,569,3.7,6.4,1.1,6.4,4.5
Houston Texans,2025,22,16.3,5.7,3,0.5,72,589,329.6,5.1,0.9,19.3,23.3,36.2,222,1.4,0.6,25.9,107.6,0.5,4.2,40.9,7.3,89.7,6.5,89.7,100,36,62.5,43.3,58.8,100,34.4,57.1,65.2,258.1,171,1,72.7,1,87.1,0.8,25.7,13.8,575,5.3,7.4,3.2,5.3,5.1
Indianapolis Colts,2025,32.1,20.6,11.5,-2.5,0.8,62,524,396.9,6.4,1.2,23.7,22.4,32.4,251.6,1.5,0.7,27.4,145.3,2.2,5.3,56.7,11.3,100.4,6.1,90.9,93.5,42,81,68.2,70.6,100,42.7,50,62.9,327.6,235.3,1.6,86.9,1,92.3,0.8,35.6,13.9,509,4.4,7.2,2.7,6.8,5.5
Jacksonville Jaguars,2025,24,22.6,1.4,2.4,0.6,84,703,326.9,5,1,20.9,20.2,33.8,199.4,1.1,0.8,29.5,127.5,1.4,4.3,38.3,9.3,79.4,7.1,80,96,37.4,60.9,56.8,91.7,95.5,43.2,46.2,64.5,323.6,236.9,2.1,86.2,1.3,86.7,0.6,35.5,15.9,600,6.5,3.9,3.5,4.8,3.9
Kansas City Chiefs,2025,25.4,18.1,7.3,0.7,0.5,69,577,364.2,5.7,0.6,22.4,23.3,36.1,248.9,1.8,0.6,25.9,115.3,1.2,4.5,48.9,6.4,95.9,5.2,84.2,85.7,41.3,76.2,65.9,93.3,95,41.6,23.5,55.6,296.8,196.8,0.9,92.4,0.6,100,1,35.9,9.8,578,2.9,7.1,2.1,5.3,4.2
Las Vegas Raiders,2025,15.5,25.3,-9.8,0.9,0.2,69,542,269,4.7,1.5,16.4,20.7,31.2,187.6,1.2,1.3,22.6,81.4,0.4,3.6,28.7,13.9,80.7,9,78.9,92.3,37.9,43.8,46.2,85,100,44.6,71.4,59,326.8,219.5,1.6,95.9,0.6,107.3,1.2,42.6,10.9,574,3.6,5.4,1.8,4.1,5.7
Los Angeles Chargers,2025,22.4,21.6,0.7,-1.3,0.636,76,571,347.3,5.4,1.18,20.2,23.3,35.3,231.5,1.73,0.82,25.5,115.7,0.45,4.5,44.5,10.9,93.5,8.7,92.6,100,45.8,64.3,50,86.4,91.3,35.4,60,52.8,286.1,172.3,0.91,75.9,0.91,113.8,1.27,39.1,10,546,4.8,8.2,3.1,5.1,4.7
Los Angeles Rams,2025,27.2,17.2,10,3.5,0.8,47,389,360.9,5.8,0.8,22.7,22.3,33.9,246.9,2.7,0.2,27,114,0.8,4.2,42.5,7.5,112.4,4,66.7,91.4,38.7,72.2,64.4,90.5,92.9,34.6,55.2,43.8,323,222.3,1.2,83.4,1,100.7,0.4,33.3,17.6,648,5.6,6.9,2.7,6.4,3.9
Miami Dolphins,2025,20.5,24.5,-3.9,-1.4,0.364,67,562,300.4,5.4,1.55,17.4,20.5,30,187.5,1.55,1.18,23.6,112.8,0.64,4.8,38.7,15.1,87.6,6.5,89.5,95.8,37.8,50,53.1,87,92.6,41.9,72.2,50,349.8,207.2,1.64,109.5,0.27,142.6,0.91,44.9,9.3,614,2.5,6.2,0.9,4.4,4.4
Minnesota Vikings,2025,21.8,23.2,-1.4,-2,0.4,77,606,296.4,5.2,1.8,17.5,19,31.8,193,1.3,1.3,22.2,103.4,0.8,4.7,36,14.4,76.4,9.7,90.5,100,31.4,57.1,57.6,75,100,36,72.7,48.4,317.5,190.5,1.4,98.9,0.3,127,0.8,38.1,8,602,2.5,8.4,1.1,5.5,6.9
New England Patriots,2025,26.5,18.7,7.8,-4.8,0.818,74,585,357,5.8,1.09,20.5,21,29.3,244.1,1.82,0.45,28.7,112.9,1.09,3.9,42,10.7,113,10.1,88.2,93.9,42.7,81.3,57.5,82.4,90.9,36.9,31.3,72,300.6,215.9,1.73,97.3,0.64,84.7,0.36,33.3,10.8,575,3.9,6.3,2,4.7,5.2
New Orleans Saints,2025,15.5,25,-9.5,2.6,0.2,74,525,297.2,4.8,1.5,18,22.6,34.3,204.4,1.1,0.8,24.9,92.8,0.3,3.7,30.4,13.7,84.6,6.3,73.9,100,38.8,35,38.5,84.2,92.9,38.1,57.1,60.6,317.5,193.7,1.8,103.3,0.5,123.8,0.9,41.6,11.9,533,4.3,6.9,1.8,4.5,4.3
New York Giants,2025,21.5,27.3,-5.7,1.4,0.182,85,729,333.2,5.2,1.09,20.6,19.6,32,208.5,1.18,0.64,29.4,124.7,1.45,4.2,37.5,10.7,86.2,8.6,92.9,81.5,40.5,52,48.7,81.8,90.3,40,69.2,73.7,375.1,225.2,1.73,96.6,0.36,149.9,1.36,44.1,5.1,740,4.8,5.7,1,5.4,4.7
New York Jets,2025,20.9,26.8,-5.9,-2.5,0.2,67,541,281.5,4.7,1.2,17.5,17.2,27.5,139.9,1.1,0.4,28.2,141.6,0.7,5,35.2,9.5,86.4,11.6,100,100,36.6,50,52.2,91.7,96.6,37.4,72.7,58.3,329.7,198.8,1.8,104.1,0,130.9,1,46.3,0.9,545,4.2,5.6,0,3.7,4.9
Philadelphia Eagles,2025,23.4,20.1,3.3,2.4,0.8,70,625,300.1,5.1,0.4,17.2,18,26.9,184.9,1.6,0.1,29.2,115.2,1,3.9,35,3.9,107,8.8,84.6,100,33.9,64.7,75,83.3,89.5,40.5,33.3,46.4,326.8,212.7,0.9,78,0.6,114.1,1.1,38.8,9.7,496,5.5,5.8,1.8,5.9,4
Pittsburgh Steelers,2025,24.6,23.2,1.4,-2.4,0.6,62,469,286.9,5.2,1,17.2,20.6,30.7,198.7,2,0.7,22.9,88.2,0.5,3.9,41.1,8.4,98.8,5.8,86.4,100,38.1,50,63.3,84,100,41.7,72,51.4,368.1,261.7,1.6,90,0.9,106.4,0.7,41.9,15.2,521,6.4,7.7,2.3,8.2,5.6
San Francisco 49ers,2025,23.7,22.9,0.8,4.1,0.636,62,482,349.4,5.5,1.36,21.8,24.4,35.3,254.5,1.82,0.91,26.8,94.8,0.73,3.5,45.1,13.3,97.6,4.7,92,83.3,45.7,53.3,62.5,68.2,96.2,40.8,66.7,59,352.9,249.1,1.91,104.5,0.27,103.8,0.73,39.3,8.9,513,3.1,2.9,0.8,3.3,4.1
Seattle Seahawks,2025,29.4,19.3,10.1,1.9,0.7,60,500,365.8,6.2,2,20.5,19.3,27.6,249.4,1.7,1.1,30.7,116.4,1.2,3.8,44.5,17.3,102.9,3.5,80.8,100,39.8,71.4,62.9,76.5,94.1,35.5,54.2,55.9,301.5,208,1.5,83.8,0.9,93.5,0.6,30.1,10.6,584,5.7,7.9,2.4,7.7,5.9
Tampa Bay Buccaneers,2025,25.2,25,0.2,3.1,0.6,58,467,332.2,5.3,0.7,19.6,21.6,34,222.2,1.7,0.3,26.4,110,0.9,4.2,41.8,6.4,97,5.6,83.3,95.2,38.9,50,51.7,82.4,100,39.8,47.8,64,342,241.6,1.6,92.2,1,100.4,1.2,38.5,13.8,569,4.8,7.1,2.9,5.9,5.6
Tennessee Titans,2025,14.3,27.3,-13,4.6,0.1,70,536,242.5,4.2,1.4,15.1,19.4,33.2,163.6,0.6,0.6,20,78.9,0.3,3.9,27.1,13.1,73.8,11,80,91.7,29.8,35.7,47.1,89.5,96.8,40.5,76.9,59.5,352.5,217.8,1.5,102.6,0.5,134.7,1.5,43.5,7.4,362,3.6,7.8,1.6,5.9,4.9
Washington Commanders,2025,21.5,26.9,-5.5,0.2,0.273,78,643,330.2,5.6,1.27,18.6,17.9,28,191.6,1.36,0.64,28,138.5,1.09,4.9,37.1,11.4,92.6,8.1,68.4,100,38.7,55.6,71.4,91.7,96.6,41.7,56.3,61,387,249.5,2,111.7,0.45,137.5,0.91,48.6,5.4,638,3.7,7.1,1.5,5.3,4.5